{"Game":"Stellaris","IsSelected":true,"MergedFolderName":null,"ModIds":[{"ParadoxId":null,"SteamId":1970249743},{"ParadoxId":null,"SteamId":2495145395},{"ParadoxId":null,"SteamId":2809216375},{"ParadoxId":null,"SteamId":2645634631},{"ParadoxId":null,"SteamId":2598875789},{"ParadoxId":null,"SteamId":2874699403},{"ParadoxId":null,"SteamId":2549421162},{"ParadoxId":null,"SteamId":1818025496},{"ParadoxId":null,"SteamId":2864713704},{"ParadoxId":null,"SteamId":2964937459},{"ParadoxId":null,"SteamId":1623423360},{"ParadoxId":null,"SteamId":1880893750},{"ParadoxId":null,"SteamId":682090850},{"ParadoxId":null,"SteamId":2066393985},{"ParadoxId":null,"SteamId":2989756587},{"ParadoxId":null,"SteamId":1230096820},{"ParadoxId":null,"SteamId":3016417350},{"ParadoxId":null,"SteamId":2098862918},{"ParadoxId":null,"SteamId":2814863451},{"ParadoxId":null,"SteamId":2572843550},{"ParadoxId":null,"SteamId":2743333016},{"ParadoxId":null,"SteamId":2974269768},{"ParadoxId":null,"SteamId":2812860898},{"ParadoxId":null,"SteamId":2970871810},{"ParadoxId":null,"SteamId":2934387908},{"ParadoxId":null,"SteamId":2971411531},{"ParadoxId":null,"SteamId":2941843549},{"ParadoxId":null,"SteamId":2808375328},{"ParadoxId":null,"SteamId":2993072268},{"ParadoxId":null,"SteamId":2994522472},{"ParadoxId":null,"SteamId":1878473679},{"ParadoxId":null,"SteamId":2662937312},{"ParadoxId":null,"SteamId":1353547443},{"ParadoxId":null,"SteamId":2411818376},{"ParadoxId":null,"SteamId":2423471739},{"ParadoxId":null,"SteamId":2409044128},{"ParadoxId":null,"SteamId":2939875005},{"ParadoxId":null,"SteamId":2967358262},{"ParadoxId":null,"SteamId":2947138397},{"ParadoxId":null,"SteamId":2970443116},{"ParadoxId":null,"SteamId":3005365030},{"ParadoxId":null,"SteamId":2997968164},{"ParadoxId":null,"SteamId":2990428081},{"ParadoxId":null,"SteamId":2976217314},{"ParadoxId":null,"SteamId":2671830317},{"ParadoxId":null,"SteamId":3021093463},{"ParadoxId":null,"SteamId":2878793599},{"ParadoxId":null,"SteamId":2961328089},{"ParadoxId":null,"SteamId":2970028242},{"ParadoxId":null,"SteamId":3017789857},{"ParadoxId":null,"SteamId":2985562107},{"ParadoxId":null,"SteamId":2026367756},{"ParadoxId":null,"SteamId":3003100054},{"ParadoxId":null,"SteamId":2949375072},{"ParadoxId":null,"SteamId":2981637412},{"ParadoxId":null,"SteamId":2499031295},{"ParadoxId":null,"SteamId":2250100617},{"ParadoxId":null,"SteamId":2890050687},{"ParadoxId":null,"SteamId":2841481791},{"ParadoxId":null,"SteamId":2978772979},{"ParadoxId":null,"SteamId":2875006994},{"ParadoxId":null,"SteamId":2652578379},{"ParadoxId":null,"SteamId":2951466817},{"ParadoxId":null,"SteamId":2620089636},{"ParadoxId":null,"SteamId":2951796012},{"ParadoxId":null,"SteamId":2966277231},{"ParadoxId":null,"SteamId":1647628520},{"ParadoxId":null,"SteamId":727000451},{"ParadoxId":null,"SteamId":2807778592},{"ParadoxId":null,"SteamId":1227620643},{"ParadoxId":null,"SteamId":2529105358},{"ParadoxId":null,"SteamId":1993869579},{"ParadoxId":null,"SteamId":2976573664},{"ParadoxId":null,"SteamId":2627609414},{"ParadoxId":null,"SteamId":2976460923},{"ParadoxId":null,"SteamId":2984655967},{"ParadoxId":null,"SteamId":1999328266},{"ParadoxId":null,"SteamId":1562501671},{"ParadoxId":null,"SteamId":2929136562},{"ParadoxId":null,"SteamId":2970431927},{"ParadoxId":null,"SteamId":2878075116},{"ParadoxId":null,"SteamId":2965679337},{"ParadoxId":null,"SteamId":3000877371},{"ParadoxId":null,"SteamId":3008423376},{"ParadoxId":null,"SteamId":2948247851},{"ParadoxId":null,"SteamId":2305790641},{"ParadoxId":null,"SteamId":1867143071},{"ParadoxId":null,"SteamId":2536609215},{"ParadoxId":null,"SteamId":2911573696},{"ParadoxId":null,"SteamId":3011811483},{"ParadoxId":null,"SteamId":2999500989},{"ParadoxId":null,"SteamId":2986791992},{"ParadoxId":null,"SteamId":2976527288},{"ParadoxId":null,"SteamId":2710894758},{"ParadoxId":null,"SteamId":2788827517},{"ParadoxId":null,"SteamId":2815868035},{"ParadoxId":null,"SteamId":1928831043},{"ParadoxId":null,"SteamId":2605304587},{"ParadoxId":null,"SteamId":2997774670},{"ParadoxId":null,"SteamId":828731704},{"ParadoxId":null,"SteamId":2717193796},{"ParadoxId":null,"SteamId":2995730002},{"ParadoxId":null,"SteamId":1588842850},{"ParadoxId":null,"SteamId":2438313459},{"ParadoxId":null,"SteamId":2466510521},{"ParadoxId":null,"SteamId":2533518533},{"ParadoxId":null,"SteamId":2977798107},{"ParadoxId":null,"SteamId":2461999384},{"ParadoxId":null,"SteamId":2463806387},{"ParadoxId":null,"SteamId":937289339},{"ParadoxId":null,"SteamId":2475617894},{"ParadoxId":null,"SteamId":2775968897},{"ParadoxId":null,"SteamId":2902512011},{"ParadoxId":null,"SteamId":910751973},{"ParadoxId":null,"SteamId":2466607238},{"ParadoxId":null,"SteamId":1199002146},{"ParadoxId":null,"SteamId":2660548454},{"ParadoxId":null,"SteamId":2475302050},{"ParadoxId":null,"SteamId":2621840890},{"ParadoxId":null,"SteamId":2737603165},{"ParadoxId":null,"SteamId":2735054420},{"ParadoxId":null,"SteamId":2889738712},{"ParadoxId":null,"SteamId":2944007311},{"ParadoxId":null,"SteamId":1747099270},{"ParadoxId":null,"SteamId":2027015321},{"ParadoxId":null,"SteamId":2426335121},{"ParadoxId":null,"SteamId":2688623790},{"ParadoxId":null,"SteamId":2901616041},{"ParadoxId":null,"SteamId":2116422940},{"ParadoxId":null,"SteamId":2461014769},{"ParadoxId":null,"SteamId":2070082709},{"ParadoxId":null,"SteamId":2234187039},{"ParadoxId":null,"SteamId":2810064268},{"ParadoxId":null,"SteamId":2949133679},{"ParadoxId":null,"SteamId":2785989313},{"ParadoxId":null,"SteamId":2982710154},{"ParadoxId":null,"SteamId":2848888776},{"ParadoxId":null,"SteamId":2929251617},{"ParadoxId":null,"SteamId":2417206619},{"ParadoxId":null,"SteamId":2766998502},{"ParadoxId":null,"SteamId":1617872589},{"ParadoxId":null,"SteamId":2277248080},{"ParadoxId":null,"SteamId":2579303396},{"ParadoxId":null,"SteamId":2306455054},{"ParadoxId":null,"SteamId":2965280666},{"ParadoxId":null,"SteamId":3022913632},{"ParadoxId":null,"SteamId":3012628517},{"ParadoxId":null,"SteamId":3017146316},{"ParadoxId":null,"SteamId":2123646681},{"ParadoxId":null,"SteamId":2628611107},{"ParadoxId":null,"SteamId":2324828646},{"ParadoxId":null,"SteamId":3017873059},{"ParadoxId":null,"SteamId":2776070504},{"ParadoxId":null,"SteamId":2520977707},{"ParadoxId":null,"SteamId":2293827000},{"ParadoxId":null,"SteamId":2739086408},{"ParadoxId":null,"SteamId":2660713843},{"ParadoxId":null,"SteamId":2809332037},{"ParadoxId":null,"SteamId":2885244355},{"ParadoxId":null,"SteamId":2824296980},{"ParadoxId":null,"SteamId":2978323818},{"ParadoxId":null,"SteamId":2915600195},{"ParadoxId":null,"SteamId":1688887083},{"ParadoxId":null,"SteamId":2409276081},{"ParadoxId":null,"SteamId":2565465427},{"ParadoxId":null,"SteamId":2812925242},{"ParadoxId":null,"SteamId":2131014154}],"ModNames":["WarShip Girls Advisor","碧蓝航线-江风顾问语音","BlueArchive advisor voice","伊陆舰载顾问","Paimon Chinese Adviser","AI猫雷顾问语音","! Kogasa Advisor","Warship Girls BGM","BlueArchive BGM Pack","Blue Archive Shipset","UI Overhaul Dynamic","UI Overhaul Dynamic - Checksum Schism Version","Expanded Colours [180 Colours]","UI Overhaul Dynamic + Expanded Colours","Portrait Modifications for UI Overhaul Dynamic","Technology Tree (for Chinese Language)","300 Building Slots","Light Borders + Star Pins","remove vanilla bgm","Elegant Chinese Random Names & Localisation Fix","更好的中文随机名（better Chinese random name）","Remove leader hologram","Vanilla Chinese Improving","中文换行修复","Better Ship Icons","Blurry Fixes","Compact UI Outliner","Tech Tier Frames","Smol Decisions Panel","原版英杰娘化测试","Amazing Space Battles","downscaled updated","Battle Debris - Starship Graveyards","! Dark Blue UI Remake","! Dark Blue UI Left Menu !","! Immersive Simple map UI !","Smoother federation","More section templates","ONLY OVERFLOW FIX","One system one subject","一种名为星怒的奴役方式-sex slave","Fewer Habitable Planets: 25%","Meet Gray 100%","!特殊星系强制生成（Unique Solar System Force Spawn）","100% The Horizon Signal 100%时之蟲","创始物种，但是奴隶公民权","大人的卡片 - BA主题百循包","禁止ai联邦&附庸","Archaeology Sites WTF","Colonialism Subject Overhaul","DuKe AI Player","Fleet Transfer Mod","Gabriel领袖修改","Influence Cap+","Leader Capacity Agenda","Leader Traits: All Eligible Species Traits","Ultimate Automation","PerfectlyBalanced - Crisis","香草科研助手-Vanilla Research Helper","Foreign Gateways [3.8]","Shut up & refund me my resources","More Emperor & Custodian Resolutions, and Galactic Unification","Resolutions Expanded","StellarisStoryCollection","civie ex","MECR's Compatibility Patch with UI Overhaul Dynamic","More Civics","More Events Mod","Extra Events 3.8 Continued","Dynamic Political Events","Endless Frontier: An Event Mod","Archaeology Story Pack","Expanded Stellaris Ascension Perks 3.8","Fatal Foundations Story Pack [3.8]","Narco State: New Criminal Civic (3.8.4)","Add Cloak Civic Edits","Precursor Story Pack","Some Events of Outside Cluster","Obsessions","Mysterious space station","More Primitives","Stormbreaker Lighthouse","Stargate Atlantis - Lantean System","System Fortification Complex","Solarpunk","Planetary Wonders","Planetary Curios","Solar Storm","[3.8] The Crimson Throng #MODJAM2022","行星要塞 Planetary Fortress","WingOfData","The Wandering Earth origin","Tasty Maid: Portraits 美味女仆：肖像","Galactic Imperium Origin","Origin Fallen Empire","Origin Fallen Empire: Ship Design Extension","Trait Diversity","Trait Diversity - Species Privileges","[Stellaris Modder Club] Species Traits Package","Nirvana Empire Project","[3.8] Empires Expanded","『 3.8 』Overhauled Default Empires","【3.0.2】Shroud Expanded【虚境扩展】The Decadance of Sanity--理智的终末癫狂","Tidy Tradition 3.8","工整传统：127传统槽+128飞升槽","The Reform Project","Decadence of Sanity-3.8 patch","Psionic Species Expansion","Psionic Species Expansion - UI Overhaul Dynamic Patch","Real Space 3.8","Real Space - New Frontiers","Real Space - Planetary Stations","Real Space - The Infestation","Hypothetical Stars","! Casako's Framework & Modmenu","! Reworked Advanced Ascension","! Age of Wonder","! Better Performance & Utilities","Rogue Maid (Rogue Servitor Completely Remake)","KDC Story Pack","时与空（TimeMod）","时与空-UI大修 兼容模组","时与空-预设国","Warship Girls R And MIST Species","United Fleet Shipset","Assimilation","舰R测试MOD-神圣母港","舰R关键科技人人有份","Star Wars: UnknownWorld Shipgirls Story","Star Wars: Kuat Ancient Empire","【少女前线GirlsFrontline】涅托种族事件包NytoSpeciesEventsPack","AshArms Aquarius History","BlueArchive","Blue Archive test expansion","AssaultLily In Stellairs","Honkai: Star Rail | 崩坏：星穹铁道","原神（Genshin Impact）.既定命途","Varied Monster Girls","Wandering Witch: Voyagers","Voyage to Eternity - Kemomimi Girl Species and More","Azur Lane Stellaris DLC","Azur Lane Species KuRUMiiii Edition","Azur Lane Ship Class","Azur Lane repeatable tech integration","! 精灵少女幻想曲-光暗序曲（排序放到最下）","魔女之旅艾姆尼西亚领袖","Luminary Traits Unlocked","Aptitude Upgrades Starting Traits","Merged Leader Levels","皑茵世界旅行指南","Azur Lane The Galaxy Idol","grayextend","Rozen Maiden Suigintou Leader Pack - 蔷薇少女 水银灯领袖包","LoturantaCofield_TheLeader 书姬洛忒兰娜·科菲尔德","StellarRegulator Array","RGoS-FallenEmpireAndEndgameCrisis","Star Oath Project 1.3","Star Oath Project For Normal Leader","Star Oath Project JiaRan pack","星之誓约扩展 - Eos曙光女神实验室","Star Oath Project Alice Arc pack","Star Oath Personal Fix","!!Universal Modifier Patch (3.8.*)","! Universial Game Rules Patch","PSE Chinese patch","Real Space 汉化包（鸽组汉化）","鸽组汉化 Flora Edition"],"ModPaths":null,"Mods":["mod/ugc_1970249743.mod","mod/ugc_2495145395.mod","mod/ugc_2809216375.mod","mod/ugc_2645634631.mod","mod/ugc_2598875789.mod","mod/ugc_2874699403.mod","mod/ugc_2549421162.mod","mod/ugc_1818025496.mod","mod/ugc_2864713704.mod","mod/ugc_2964937459.mod","mod/ugc_1623423360.mod","mod/ugc_1880893750.mod","mod/ugc_682090850.mod","mod/ugc_2066393985.mod","mod/ugc_2989756587.mod","mod/ugc_1230096820.mod","mod/ugc_3016417350.mod","mod/ugc_2098862918.mod","mod/ugc_2814863451.mod","mod/ugc_2572843550.mod","mod/ugc_2743333016.mod","mod/ugc_2974269768.mod","mod/ugc_2812860898.mod","mod/ugc_2970871810.mod","mod/ugc_2934387908.mod","mod/ugc_2971411531.mod","mod/ugc_2941843549.mod","mod/ugc_2808375328.mod","mod/ugc_2993072268.mod","mod/ugc_2994522472.mod","mod/ugc_1878473679.mod","mod/ugc_2662937312.mod","mod/ugc_1353547443.mod","mod/ugc_2411818376.mod","mod/ugc_2423471739.mod","mod/ugc_2409044128.mod","mod/ugc_2939875005.mod","mod/ugc_2967358262.mod","mod/ugc_2947138397.mod","mod/ugc_2970443116.mod","mod/ugc_3005365030.mod","mod/ugc_2997968164.mod","mod/ugc_2990428081.mod","mod/ugc_2976217314.mod","mod/ugc_2671830317.mod","mod/ugc_3021093463.mod","mod/ugc_2878793599.mod","mod/ugc_2961328089.mod","mod/ugc_2970028242.mod","mod/ugc_3017789857.mod","mod/ugc_2985562107.mod","mod/ugc_2026367756.mod","mod/ugc_3003100054.mod","mod/ugc_2949375072.mod","mod/ugc_2981637412.mod","mod/ugc_2499031295.mod","mod/ugc_2250100617.mod","mod/ugc_2890050687.mod","mod/ugc_2841481791.mod","mod/ugc_2978772979.mod","mod/ugc_2875006994.mod","mod/ugc_2652578379.mod","mod/ugc_2951466817.mod","mod/ugc_2620089636.mod","mod/ugc_2951796012.mod","mod/ugc_2966277231.mod","mod/ugc_1647628520.mod","mod/ugc_727000451.mod","mod/ugc_2807778592.mod","mod/ugc_1227620643.mod","mod/ugc_2529105358.mod","mod/ugc_1993869579.mod","mod/ugc_2976573664.mod","mod/ugc_2627609414.mod","mod/ugc_2976460923.mod","mod/ugc_2984655967.mod","mod/ugc_1999328266.mod","mod/ugc_1562501671.mod","mod/ugc_2929136562.mod","mod/ugc_2970431927.mod","mod/ugc_2878075116.mod","mod/ugc_2965679337.mod","mod/ugc_3000877371.mod","mod/ugc_3008423376.mod","mod/ugc_2948247851.mod","mod/ugc_2305790641.mod","mod/ugc_1867143071.mod","mod/ugc_2536609215.mod","mod/ugc_2911573696.mod","mod/ugc_3011811483.mod","mod/ugc_2999500989.mod","mod/ugc_2986791992.mod","mod/ugc_2976527288.mod","mod/ugc_2710894758.mod","mod/ugc_2788827517.mod","mod/ugc_2815868035.mod","mod/ugc_1928831043.mod","mod/ugc_2605304587.mod","mod/ugc_2997774670.mod","mod/ugc_828731704.mod","mod/ugc_2717193796.mod","mod/ugc_2995730002.mod","mod/ugc_1588842850.mod","mod/ugc_2438313459.mod","mod/ugc_2466510521.mod","mod/ugc_2533518533.mod","mod/ugc_2977798107.mod","mod/ugc_2461999384.mod","mod/ugc_2463806387.mod","mod/ugc_937289339.mod","mod/ugc_2475617894.mod","mod/ugc_2775968897.mod","mod/ugc_2902512011.mod","mod/ugc_910751973.mod","mod/ugc_2466607238.mod","mod/ugc_1199002146.mod","mod/ugc_2660548454.mod","mod/ugc_2475302050.mod","mod/ugc_2621840890.mod","mod/ugc_2737603165.mod","mod/ugc_2735054420.mod","mod/ugc_2889738712.mod","mod/ugc_2944007311.mod","mod/ugc_1747099270.mod","mod/ugc_2027015321.mod","mod/ugc_2426335121.mod","mod/ugc_2688623790.mod","mod/ugc_2901616041.mod","mod/ugc_2116422940.mod","mod/ugc_2461014769.mod","mod/ugc_2070082709.mod","mod/ugc_2234187039.mod","mod/ugc_2810064268.mod","mod/ugc_2949133679.mod","mod/ugc_2785989313.mod","mod/ugc_2982710154.mod","mod/ugc_2848888776.mod","mod/ugc_2929251617.mod","mod/ugc_2417206619.mod","mod/ugc_2766998502.mod","mod/ugc_1617872589.mod","mod/ugc_2277248080.mod","mod/ugc_2579303396.mod","mod/ugc_2306455054.mod","mod/ugc_2965280666.mod","mod/ugc_3022913632.mod","mod/ugc_3012628517.mod","mod/ugc_3017146316.mod","mod/ugc_2123646681.mod","mod/ugc_2628611107.mod","mod/ugc_2324828646.mod","mod/ugc_3017873059.mod","mod/ugc_2776070504.mod","mod/ugc_2520977707.mod","mod/ugc_2293827000.mod","mod/ugc_2739086408.mod","mod/ugc_2660713843.mod","mod/ugc_2809332037.mod","mod/ugc_2885244355.mod","mod/ugc_2824296980.mod","mod/ugc_2978323818.mod","mod/ugc_2915600195.mod","mod/ugc_1688887083.mod","mod/ugc_2409276081.mod","mod/ugc_2565465427.mod","mod/ugc_2812925242.mod","mod/ugc_2131014154.mod"],"Name":"星河奇迹","PatchModEnabled":true}